{
  "model_name": "KNN (K=19)",
  "accuracy": 0.469,
  "precision": 0.20233812949640287,
  "recall": 0.5625,
  "auc": 0.49377734375000004,
  "feature_count": 20
}